,accuracy,sensibility,specificity,n_estimators,max_depth,max_features,ccp_alpha
0,0.8630288461538461,0.8290641902234922,0.8932824288701027,50,50,50,0.0005
1,0.8660576923076924,0.8342688029390755,0.894373238796473,50,50,50,0.0004
2,0.8716826923076924,0.8424329013164609,0.8977365694027816,50,50,50,0.0003
3,0.879375,0.8461067455862843,0.909008271975275,50,50,50,0.0002
4,0.8899038461538461,0.854679048882539,0.9212798836469411,50,50,50,0.0001
